rank_test_f1_macro,mean_test_f1_macro,std_test_f1_macro,mean_test_accuracy,mean_train_f1_macro,param_mlp__hidden_layer_sizes,param_mlp__activation,param_mlp__solver,param_mlp__batch_size,param_mlp__learning_rate_init,param_mlp__alpha,param_mlp__n_iter_no_change
1,0.6286332260831979,0.0039120789783214345,0.6337005926147503,0.9562260191966855,"(128, 64)",relu,adam,32,0.001,0.001,10
2,0.6189307724869557,0.009649191244575559,0.623598772594716,0.9620949342968856,"(128,)",relu,adam,64,0.001,0.01,10
3,0.6179186103873989,0.01611405783570789,0.6232979926666932,0.9593296882191771,"(64,)",relu,adam,64,0.001,0.1,10
4,0.6139721069449562,0.005130508071315306,0.619699282465739,0.9597955943226815,"(128,)",relu,adam,64,0.0001,0.01,10
5,0.6122167069353902,0.009199153185481541,0.6189989724827312,0.9198580872933989,"(64, 32)",relu,sgd,128,0.01,0.1,5
6,0.6063408250490653,0.005703635187450497,0.6126993923147563,0.9424247559488306,"(128,)",relu,sgd,64,0.001,0.0001,10
7,0.6046073129301439,0.00788532061860367,0.6105990923027517,0.9328375068020073,"(64,)",relu,sgd,32,0.001,0.0001,15
8,0.6031998922180485,0.006410221239075491,0.6088996122167706,0.9259942491794968,"(64,)",relu,sgd,32,0.001,0.01,10
9,0.6020998741090801,0.00991152824379117,0.6086989022837497,0.9207649660920524,"(128, 64)",relu,sgd,32,0.001,0.01,10
10,0.594301835323343,0.007613312337644944,0.6016990121327669,0.8790586543069518,"(64,)",tanh,sgd,64,0.01,0.1,5
11,0.593086864029999,0.006451313036573093,0.5996992020737767,0.949312415775093,"(64,)",tanh,sgd,32,0.01,0.0001,10
12,0.5907481516780911,0.007612447194012137,0.5974990720427771,0.9327767578454121,"(128, 64)",tanh,sgd,128,0.01,0.1,10
13,0.5893222604492486,0.0037865920980056757,0.5942996219238,0.9272053889923182,"(32,)",relu,adam,64,0.001,0.0001,5
14,0.585439372879848,0.008121537662424527,0.5935988319887778,0.9211126643914239,"(128,)",tanh,sgd,128,0.001,0.01,10
15,0.5817103924339354,0.003479021464318091,0.5895997818138142,0.869983157781729,"(32,)",tanh,sgd,64,0.001,0.01,5
16,0.5805624894275739,0.005066263039285626,0.5721996014838436,0.714498590077547,"(64, 32)",relu,adam,128,0.01,0.01,10
17,0.5772222312893777,0.009861336254635521,0.5872986818777859,0.8112069598302285,"(64,)",tanh,sgd,32,0.0001,0.01,10
18,0.5762289814694957,0.0035037886527651517,0.5839998816918285,0.8869954405937203,"(32,)",tanh,sgd,128,0.001,0.1,10
19,0.5761235715369848,0.00290424252287124,0.5832003716268448,0.8789839513776766,"(32,)",tanh,sgd,64,0.01,0.001,10
20,0.5553521442066546,0.007140306190543107,0.5666008112508911,0.7238595639122544,"(32,)",tanh,sgd,128,0.0001,0.1,10
21,0.5372354963419396,0.011313846323398413,0.5453015007559544,0.6578885624386055,"(64,)",tanh,adam,64,0.01,0.0001,15
22,0.5303301719524485,0.007647370405168053,0.5410991909028935,0.5977569977250689,"(64, 32)",tanh,adam,64,0.01,0.01,15
23,0.5285718789006663,0.003965441183750248,0.5376001007419279,0.5967292758899404,"(128, 64)",tanh,adam,32,0.01,0.0001,5
24,0.5022223820220876,0.007757753424477969,0.5128010401520056,0.5603178540858115,"(128,)",tanh,adam,32,0.01,0.01,15
25,0.47815476402671875,0.005825090340600517,0.4868994097970085,0.5000405051911566,"(128,)",tanh,adam,32,0.01,0.1,10
