,rank_test_f1_macro,mean_test_f1_macro,std_test_f1_macro,mean_test_accuracy,mean_train_f1_macro,param_mlp__hidden_layer_sizes,param_mlp__activation,param_mlp__solver,param_mlp__batch_size,param_mlp__learning_rate_init,param_mlp__alpha,param_mlp__n_iter_no_change
24,1,0.628633,0.003912,0.633701,0.956226,"(128, 64)",relu,adam,32,0.0010,0.0010,10
10,2,0.618931,0.009649,0.623599,0.962095,"(128,)",relu,adam,64,0.0010,0.0100,10
8,3,0.617919,0.016114,0.623298,0.959330,"(64,)",relu,adam,64,0.0010,0.1000,10
1,4,0.613972,0.005131,0.619699,0.959796,"(128,)",relu,adam,64,0.0001,0.0100,10
23,5,0.612217,0.009199,0.618999,0.919858,"(64, 32)",relu,sgd,128,0.0100,0.1000,5
15,6,0.606341,0.005704,0.612699,0.942425,"(128,)",relu,sgd,64,0.0010,0.0001,10
16,7,0.604607,0.007885,0.610599,0.932838,"(64,)",relu,sgd,32,0.0010,0.0001,15
14,8,0.603200,0.006410,0.608900,0.925994,"(64,)",relu,sgd,32,0.0010,0.0100,10
20,9,0.602100,0.009912,0.608699,0.920765,"(128, 64)",relu,sgd,32,0.0010,0.0100,10
11,10,0.594302,0.007613,0.601699,0.879059,"(64,)",tanh,sgd,64,0.0100,0.1000,5
